#drop database netflix;
use netflix;
select * from netflix.tipo_documento;
insert into netflix.tipo_documento (ID_documento,siglas,nombre_tipo_documento)
values(1,'C.C:','Cedula Ciudadania'),
(2,'C.E','Cedula Extranjeria'),
(3,'PAS','Pasaporte'),
(4,'T.I','Tarjeta Identida');
select * from netflix.rol;
insert into netflix.rol (ID_rol,nombre_rol)
values(1,'Administrador'),
(2,'Cliente');
select * from netflix.plan;
insert into netflix.plan (ID_plan,valor,nombre_plan,caracteristicas_plan)
values(1,16900,'Basico','permite hacer streaming de películas y series de Netflix en un dispositivo a la vez en definición estándar (SD).'),
(2,24900,'Estándar','permite hacer streaming de películas y series de Netflix en dos dispositivos al mismo tiempo y, cuando está disponible, en alta definición (HD).'),
(3,32900,'Premium','permite hacer streaming de películas y series de Netflix en cuatro dispositivos al mismo tiempo y, cuando está disponible, en definición ultra alta (Ultra HD).');
select * from netflix.peliculas;
insert into netflix.peliculas (ID_pelicula,nombre_pelicula,duracion,año,sinopsis,calificacion,estado)
values(1,'Forrest Gump','02:22:00',1994,'La simpleza e inocencia de un sureño lo impulsan a través de hechos importantes de la historia moderna de EE.UU.',4.9,1),
(2,'¡Qué bello es vivir!','02:15:00',1946,'George Bailey es un modesto ciudadano que dirige un pequeño banco familiar, a pesar de los intentos de un poderoso banquero por arruinarlo. Abrumado por la desaparición de una importante suma de dinero, decide suicidarse, pero aparece un ángel.',4.5,1),
(3,'Grande','02:10:00',1988,'En un carnaval, una máquina que cumple deseos, transforma a un jovencito de 13 años en un hombre de 35 años de edad.','4.9',1),
(4,'La ventana indiscreta','01:55:00',1954,'Un fotógrafo, sentado en una silla de ruedas y con una pierna enyesada, espía a los vecinos y es testigo de un asesinato.','4.4',1),
(5,'El extraño mundo de Jack','01:16:00',1993,'El rey de las calabazas en el pueblo de las brujas planea secuestrar a Santa Claus y al mismo tiempo llevar pánico en vez de alegría.','4.3',1),
(6,'Moana','01:53:00',2016,'Vaiana Waialiki es una joven entusiasta del mar y la única hija de un jefe marinero. Descubre que el semidiós Maui causó el infortunio después de robar el corazón de la diosa Te Fiti. La única manera de salvar el destino de la isla es persuadiendo a Maui para que le devuelva el corazón a Te Fiti.','4.5',1),
(7,'Warcraft: el primer encuentro de dos mundos','02:03:00',2016,'El pacífico reino de Azeroth está a punto de entrar en guerra contra unos terribles invasores que han dejado su destruido reino para colonizar otro. Dos héroes están a punto de chocar y cambiar el destino de su familia, su pueblo y su hogar.','4.4',1),
(8,'Gladiador','02:51:00',2000,'Máximo, general romano, desea volver a casa, pero el emperador Marco Aurelio quiere que herede el imperio. Esto hace que Cómodo ordene matar a su familia. Máximo escapa de la muerte y regresa a Roma como gladiador para vengar la muerte de su familia.','4.1',1),
(9,'Amélie','02:09:00',2001,'El hallazgo de un tesoro olvidado pone a una camarera parisina a cuestionar, y alterar la vida de quienes la rodean.','4.0',1),
(10,'El Señor de los Anillos: la Comunidad del Anillo','03:48:00',2001,'Frodo Bolsón es un hobbit al que su tío Bilbo hace portador del poderoso Anillo Único, capaz de otorgar un poder ilimitado al que la posea, con la finalidad de destruirlo. Sin embargo, fuerzas malignas muy poderosas quieren arrebatárselo.','4.0',1),
(11,'Blade II','01:57:00',2002,'Blade forma una alianza con un grupo de enemigos empedernidos con el fin de luchar contra los vampiros más poderosos.','4.3',1),
(12,'Señales','01:47:00',2002,'Con la ayuda de su hermano (Joaquin Phoenix), un hombre de Pennsylvania (Mel Gibson) investiga la aparición de círculos de 152 metros de diámetro en sus campos de cultivo.','4.5',1),
(13,'El pianista','02:30:00',2002,'Un judío polaco, pianista profesional, lucha por la supervivencia en Varsovia frente a la invasión nazi. Después de, gracias a unos amigos, haber evitado la deportación, el pianista debe vivir oculto y constantemente expuesto al peligro.','4.9',1),
(14,'Todopoderoso','01:41:00',2003,'Tras pasar el peor día de su vida, el reportero de televisión Bruce Nolan le reprocha a Dios lo mal que está administrando el mundo, por lo que el Todopoderoso le otorga sus poderes y lo desafía a hacerlo mejor que Él.','4.8',1),
(15,'Tierra de osos','01:25:00',2003,'Un joven que busca vengar la muerte de su hermano se transforma en oso y hace amistad con un cachorro que acaba de perder a su madre.','4.5',1),
(16,'Matrix Reloaded','02:18:00',2003,'Unos luchadores por la libertad usan habilidades extraordinarias y armas para enfrentarse a las máquinas.','4.7',1),
(17,'Kill Bill: Volumen 2','02:18:00',2004,'Una asesina continúa con su búsqueda de venganza. Los próximos en la lista son una mujer con un solo ojo, un bravucón ermitaño y su antiguo jefe y amante.','4.1',1),
(18,'El amanecer de los muertos','01:50:00',2004,'Una enfermera, un policía y otros residentes de Milwaukee pelean con unos zombis carnívoros mientras están atrapados en un centro comercial.','3.9',1),
(19,'Charlie y la fábrica de chocolate','01:55:00',2005,'Un niño pobre y cuatro jovencitos ricos ganan un paseo a la increíble empresa de un raro fabricante de dulces.','4.8',1),
(20,'Las Crónicas de Narnia: El león, la bruja y el ropero','02:30:00',2005,'Cuatro niños viajan a través de un ropero a la tierra de Narnia, donde vivirán increíbles aventuras con la ayuda del león Aslan.','4.8',1);
select * from netflix.series;
insert into netflix.series (ID_serie,nombre_serie,numero_temporadas,año,sinopsis,calificacion,estado)
values (1,'sex education',1,2019,'Otis siempre tiene una respuesta respecto al sexo. Otis se une a su amiga Maeve para abrir una clínica de terapia sexual en la escuela.',4.5,1),
(2,'Los 100',6,2014,'Un apocalipsis nuclear destruye la vida humana en la Tierra. Los únicos supervivientes son los habitantes de las estaciones espaciales internacionales. Tres generaciones después, la escasez de recursos los obliga a tomar medidas desesperadas.',3.9,1),
(3,'The Umbrella Academy',1,2019,'Una familia disfuncional de superhéroes se reúne para resolver el misterio de la muerte de su padre y la amenaza del apocalipsis.',4.9,1),
(4,'El método Kominsky',1,2018,'A pesar de su avanzada edad, el actor Sandy Kominsky está decidido a continuar su trabajo. Junto con el agente Norman Newlander, Sandy trata de encontrar su propio camino en la escena de Hollywood.',4.4,0),
(5,'Una serie de eventos desafortunados.',3,2017,'Tres hermanos huérfanos investigan la muerte misteriosa de sus padres mientras conviven con el conde Olaf, su guardián malvado, quien hará lo que sea necesario para apoderarse de la herencia de los niños.',4.5,1),
(6,'Sense8',2,2015,'Ocho desconocidos tienen una conexión y comparten sentimientos y habilidades a medida que tratan de evitar su exterminio.',4.5,1),
(7,'The big bang theory',12,2007,'Leonard y Sheldon son dos cerebros privilegiados que no tienen ni la menor idea de cómo relacionarse socialmente, sobre todo cuando se trata de chicas. Sin embargo, una nueva vecina llamada Penny llega al edificio para cambiarles la vida.',4.7,1),
(8,'House M. D.',8,2004,'En el Princenton Plainsboro de Nueva Jersey, el Dr. Gregory House, un singular genio de la medicina, se encarga de resolver casos como lo haría Sherlock Holmes. De forma astuta juega con la psicología de la Dra. Lisa Cuddy, su mejor amigo, el oncólogo James Wilson, y del resto de su equipo de trabajo.',4.4,1),
(9,'Lost',6,2004,'Los sobrevivientes de un accidente aéreo luchan por subsistir en una exuberante y deshabitada isla en donde cada persona tiene un secreto asombroso.',4.1,1),
(10,'The Walking Dead',9,2010,'Tras estar en estado de coma, el expolicía Rick Grimes, descubre que una enfermedad originó un apocalipsis zombi. Rick liderará un grupo de sobrevivientes para buscar un lugar seguro, pero las luchas más peligrosas surgirán entre ellos mismos.',4.4,1),
(11,'Dos hombres y medio',12,2003,'Alan Harper, quiropráctico y padre soltero, vive en una casa en la playa con el multimillonario divorciado Walden Schmidt, quien compró la propiedad tras la muerte de Charlie, el hermano de Alan.',4.1,2),
(12,'Breaking Bad',5,2008,'Walter White un profesor de química de secundaria agobiado por problemas económicos para sostener a su familia y con un cáncer terminal, toma una decisión para ganar dinero y transforma un viejo vehículo en un laboratorio de metanfetaminas rodante.',4.4,1),
(13,'The Fresh Prince of Bel-Air',6,1990,'Will Smith actúa más o menos como él es en la vida real, en esta comedia satírica descomplicada de NBC. La madre ficticia de Will lo envía lejos del barrio agitado de Filadelfia donde vivía, a la casa de su tío Phil y su tía Vivan en Bel-Air. Will se divierte frecuentemente a expensas de sus primos acartonados Carlton y Hilary.',4.9,1),
(14,'Sherlock',4,2010,'En esta versión contemporánea sobre las historias del detective Sir Arthur Conan Doyle. El Dr. John Watson es un veterano de la guerra de Afganistán y conoce al brillante, Holmes cuando Holmes coloca un aviso buscando un compañero de apartamento.',4.7,1),
(15,'Once Upon a Time',7,2011,'La historia de un mundo nuevo, en que los cuentos de hadas y la vida moderna colisionan. Emma Swan está feliz con su vida; Henry, su hijo que dejó una década atrás, de repente se presenta y cree que ella es hija de Blanca Nieves y el Príncipe Azul.',4.5,1),
(16,'Supernatural',14,2005,'Dos hermanos luchan contra fantasmas, demonios y todas las potestades del mal, después que el cielo y el infierno dejan un caos luego de una serie de eventos apocalípticos, donde monstruos, ángeles y demonios deambulan en el caótico territorio.',4.5,1),
(17,'Bones',12,2005,'La Dra. Temperance Brennan una antropóloga forense tiene una habilidad impresionante para analizar pistas en los huesos de las víctimas por lo que es solicitada por la justicia para asistir en investigaciones muy difíciles.',4.3,1),
(18,'Greys Anatomy',16,2005,'Merdith Grey pertenece a un grupo de doctores jóvenes que laboran en el Hospital de Seattle, quienes tratan de equilibrar la vida personal y el trabajo.',4.3,0),
(19,'Dexter',8,2006,'Un carismático y talentoso patólogo forense de la policía de Miami, cuya encantadora personalidad contrasta con su extraña vida nocturna.',4.2,1),
(20,'Doctor Who',12,2005,'Un extraterrestre misterioso y excéntrico conocido como el Doctor viaja a través del tiempo y el espacio en su máquina del tiempo, la TARDIS, que se asemeja a una cabina telefónica. Con sus compañeros, se enfrenta a una gran variedad de enemigos.',4.9,1);
select * from netflix.idioma;
insert into netflix.idioma (ID_idioma,nombre_idioma)
values (1,'Chino'),
(2,'Español'),
(3,'Ingles'),
(4,'Aleman'),
(5,'Hindi'),
(6,'Portugues'),
(7,'Ruso'),
(8,'Japones'),
(9,'Frances'),
(10,'Sueco');
select * from netflix.categoria;
insert into netflix.categoria (ID_categoria,nombre_Categoria)
values(1, 'Acción'),
(2, 'Anime'),
(3, 'Ciencia ficción y fantasía'),
(4, 'Clásicas'),
(5, 'Comedias'),
(6, 'Deportes'),
(7, 'Documentales'),
(8, 'Dramas'),
(9, 'Infantiles y familiares'),
(10, 'Independientes'),
(11, 'Latinoamericanas'),
(12, 'Musicales'),
(13, 'Policiales'),
(14, 'Romance'),
(15, 'Terror'),
(16, 'Fe y espiritualidad'),
(17, 'De Hollywood'),
(18, 'Colombianos'),
(19, 'Disponibles para descargar'),
(20, 'Los favoritos de la crítica');
select * from netflix.temporadas;
insert into netflix.temporadas(ID_temporadas,numero,FK_ID_serie)
values (96,10,1),
(5,18,2),
(72,11,3),
(81,19,4),
(91,6,6),
(16,2,10),
(6,20,7),
(20,8,5),
(59,7,8),
(79,19,9),
(57,16,11),
(3,12,15),
(2,7,12),
(37,20,13),
(24,19,17),
(84,6,14),
(61,18,16),
(21,3,18),
(55,1,19),
(73,7,20);
select *from netflix.tipo_pago;
insert into netflix.tipo_pago (ID_tipopago,nombre_tipopago)
values(1,'tarjeta credito'),
(2,'tarjeta debito'),
(3,'codigo promocional');
select *from netflix.usuario;
insert into netflix.usuario (Numero_documento,primer_nombre,segundo_nombre,primer_apellido,segundo_apellido,email,contraseña,FK_ID_documento,FK_ID_rol,FK_ID_plan)
values(1636012383599,'Irma','Rosalyn','Mullen','Cote','pulvinar.arcu.et@Nullatinciduntneque.org','IKC07VII1NL',1,1,2),
(1695062224499,'Charlotte',null,'Mccormick','Strong','Sed.molestie@iaculisodio.org','CIQ67PVL5EX',1,2,2),
(1662041247199,'Elton','Hakeem','Morris','Howell','Donec.est@temporeratneque.net','JPC81QFH3JG',2,2,2),
(1660062872399,'Ali','Reagan','Daniels','Owen','habitant.morbi.tristique@Nullamsuscipit.com','FMU73YOW0MM',1,2,3),
(1668040515399,'Salvador','Desirae','Stevens',null,'libero.lacus.varius@Quisque.co.uk','PWL76KXQ4FG',3,2,3),
(1662101568299,'Quin','Paki','Ford','Hahn','semper.tellus.id@Proinvelnisl.ca','GMU34EQF1NR',1,2,1),
(1694050100899,'Jeremy',null,'Hahn','Trujillo','nec@adipiscinglobortisrisus.net','SGU29VRZ0IS',1,2,1),
(1628012272099,'Dacey','Chanda','Gates','Foreman','cursus.vestibulum@Vivamusnon.edu','MWX02YMX4GM',3,2,3),
(1608051762299,'Ayanna','Thor','Mayer',null,'eu.tellus@augue.com','PPV93BGM9CX',3,2,3),
(1670072699699,'Keefe',null,'Fox','Shepard','Aliquam.gravida.mauris@egestas.net','DQU71WDL2OY',1,2,2),
(1676090228999,'James','Oprah','Dickerson','Turner','ut.molestie@morbitristiquesenectus.co.uk','TUB17VSF8MZ',3,2,2),
(1623083099799,'Aurelia',null,'Gordon','Merrill','Integer.id@sedpede.ca','GZB91BTY9WN',1,2,1),
(1687060309399,'Kylynn','Aubrey','Daniel',null,'mattis@eu.com','YDS91KRH4PL',2,2,1),
(1654011145999,'Mollie','Jacqueline','Murphy','Henderson','nisi.magna@Nuncmauris.edu','KDF36PDZ2DU',1,2,3),
(1692090422599,'Dara',null,'Cook','Herrera','scelerisque@nonante.edu','PGW34XEV7KM',1,2,3),
(1624060419399,'Xenos','Libby','Flynn','Morris','Curabitur@velitAliquamnisl.edu','PVJ34CMM2DX',2,2,3),
(1651011048199,'Rajah','Gage','Barry',null,'lobortis.Class@egestasurna.ca','BSZ77PRI6GH',2,2,3),
(1680091992499,'Gloria',null,'Kirkland','Cote','est.vitae@fermentum.edu','CFJ88XPJ2RM',1,2,1),
(1691012831199,'Blake','Angela','Schroeder','Knight','natoque.penatibus.et@quistristiqueac.ca','BMH07NRZ2UY',1,2,1),
(1698091149999,'Cedric',null,'Webster',null,'Curae.Phasellus@elitCurabitur.com','WSF42WGJ0OS',1,2,2);
select * from netflix.perfil;
insert into netflix.perfil (ID_perfil,nombre_perfil,avatar,FKUSU_numero_documento,FKUSU_ID_documento)
values (1,'Solomon',('C:\Users\POLAR\Documents\Bin\Netflix\smile.png'),1636012383599,1),
(2,'Hamilton',('C:\Users\POLAR\Documents\Bin\Netflix\smile.png'),1695062224499,1),
(3,'Medge',('C:\Users\POLAR\Documents\Bin\Netflix\smile.png'),1662041247199,2),
(4,'Dylan',('C:\Users\POLAR\Documents\Bin\Netflix\smile.png'),1660062872399,1),
(5,'Lane',('C:\Users\POLAR\Documents\Bin\Netflix\smile.png'),1668040515399,3),
(6,'Maite',('C:\Users\POLAR\Documents\Bin\Netflix\smile.png'),1662101568299,1),
(7,'Yoshio',('C:\Users\POLAR\Documents\Bin\Netflix\smile.png'),1694050100899,1),
(8,'Quin',('C:\Users\POLAR\Documents\Bin\Netflix\smile.png'),1628012272099,3),
(9,'Laith',('C:\Users\POLAR\Documents\Bin\Netflix\smile.png'),1608051762299,3),
(10,'Shelby',('C:\Users\POLAR\Documents\Bin\Netflix\smile.png'),1670072699699,1),
(11,'Audra',('C:\Users\POLAR\Documents\Bin\Netflix\smile.png'),1676090228999,3),
(12,'Adrian',('C:\Users\POLAR\Documents\Bin\Netflix\smile.png'),1623083099799,1),
(13,'Quinlan',('C:\Users\POLAR\Documents\Bin\Netflix\smile.png'),1687060309399,2),
(14,'Frances',('C:\Users\POLAR\Documents\Bin\Netflix\smile.png'),1654011145999,1),
(15,'Moana',('C:\Users\POLAR\Documents\Bin\Netflix\smile.png'),1692090422599,1),
(16,'Madeson',('C:\Users\POLAR\Documents\Bin\Netflix\smile.png'),1624060419399,2),
(17,'Whitney',('C:\Users\POLAR\Documents\Bin\Netflix\smile.png'),1651011048199,2),
(18,'Charles',('C:\Users\POLAR\Documents\Bin\Netflix\smile.png'),1680091992499,1),
(19,'Audra',('C:\Users\POLAR\Documents\Bin\Netflix\smile.png'),1691012831199,1),
(20,'Dalton',('C:\Users\POLAR\Documents\Bin\Netflix\smile.png'),1698091149999,1);
select *from netflix.factura;
insert into netflix.factura(ID_factura,detalle,FK_ID_tipopago,FK_ID_plan,FK_ID_numerodocumento)
values (1001,'Nuestro Plan básico te permite hacer streaming de películas y series de Netflix en un dispositivo a la vez en definición estándar (SD). Este plan también permite descargar títulos en un teléfono o una tableta.',1,2,1636012383599),
(1004,'Nuestro Plan estándar te permite hacer streaming de películas y series de Netflix en dos dispositivos al mismo tiempo y, cuando está disponible, en alta definición (HD). Este plan también permite descargar títulos en dos teléfonos o tabletas.',2,2,1695062224499),
(1007,'Nuestro Plan premium te permite hacer streaming de películas y series de Netflix en cuatro dispositivos al mismo tiempo y, cuando está disponible, en alta definición (HD) y en definición ultra alta (Ultra HD). Este plan también permite descargar títulos en cuatro teléfonos o tabletas.',3,2,1662041247199),
(1010,'Nuestro Plan estándar te permite hacer streaming de películas y series de Netflix en dos dispositivos al mismo tiempo y, cuando está disponible, en alta definición (HD). Este plan también permite descargar títulos en dos teléfonos o tabletas.',3,3,1660062872399),
(1013,'Nuestro Plan premium te permite hacer streaming de películas y series de Netflix en cuatro dispositivos al mismo tiempo y, cuando está disponible, en alta definición (HD) y en definición ultra alta (Ultra HD). Este plan también permite descargar títulos en cuatro teléfonos o tabletas.',3,3,1668040515399),
(1016,'Nuestro Plan básico te permite hacer streaming de películas y series de Netflix en un dispositivo a la vez en definición estándar (SD). Este plan también permite descargar títulos en un teléfono o una tableta.',2,1,1662101568299),
(1019,'Nuestro Plan estándar te permite hacer streaming de películas y series de Netflix en dos dispositivos al mismo tiempo y, cuando está disponible, en alta definición (HD). Este plan también permite descargar títulos en dos teléfonos o tabletas.',2,1,1694050100899),
(1022,'Nuestro Plan básico te permite hacer streaming de películas y series de Netflix en un dispositivo a la vez en definición estándar (SD). Este plan también permite descargar títulos en un teléfono o una tableta.',2,3,1628012272099),
(1025,'Nuestro Plan premium te permite hacer streaming de películas y series de Netflix en cuatro dispositivos al mismo tiempo y, cuando está disponible, en alta definición (HD) y en definición ultra alta (Ultra HD). Este plan también permite descargar títulos en cuatro teléfonos o tabletas.',1,3,1608051762299),
(1028,'Nuestro Plan premium te permite hacer streaming de películas y series de Netflix en cuatro dispositivos al mismo tiempo y, cuando está disponible, en alta definición (HD) y en definición ultra alta (Ultra HD). Este plan también permite descargar títulos en cuatro teléfonos o tabletas.',1,2,1670072699699),
(1031,'Nuestro Plan básico te permite hacer streaming de películas y series de Netflix en un dispositivo a la vez en definición estándar (SD). Este plan también permite descargar títulos en un teléfono o una tableta.',1,2,1676090228999),
(1034,'Nuestro Plan premium te permite hacer streaming de películas y series de Netflix en cuatro dispositivos al mismo tiempo y, cuando está disponible, en alta definición (HD) y en definición ultra alta (Ultra HD). Este plan también permite descargar títulos en cuatro teléfonos o tabletas.',1,1,1623083099799),
(1037,'Nuestro Plan premium te permite hacer streaming de películas y series de Netflix en cuatro dispositivos al mismo tiempo y, cuando está disponible, en alta definición (HD) y en definición ultra alta (Ultra HD). Este plan también permite descargar títulos en cuatro teléfonos o tabletas.',1,1,1687060309399),
(1040,'Nuestro Plan estándar te permite hacer streaming de películas y series de Netflix en dos dispositivos al mismo tiempo y, cuando está disponible, en alta definición (HD). Este plan también permite descargar títulos en dos teléfonos o tabletas.',3,3,1654011145999),
(1043,'Nuestro Plan estándar te permite hacer streaming de películas y series de Netflix en dos dispositivos al mismo tiempo y, cuando está disponible, en alta definición (HD). Este plan también permite descargar títulos en dos teléfonos o tabletas.',3,3,1692090422599),
(1046,'Nuestro Plan estándar te permite hacer streaming de películas y series de Netflix en dos dispositivos al mismo tiempo y, cuando está disponible, en alta definición (HD). Este plan también permite descargar títulos en dos teléfonos o tabletas.',3,3,1624060419399),
(1049,'Nuestro Plan básico te permite hacer streaming de películas y series de Netflix en un dispositivo a la vez en definición estándar (SD). Este plan también permite descargar títulos en un teléfono o una tableta.',2,3,1651011048199),
(1052,'Nuestro Plan estándar te permite hacer streaming de películas y series de Netflix en dos dispositivos al mismo tiempo y, cuando está disponible, en alta definición (HD). Este plan también permite descargar títulos en dos teléfonos o tabletas.',2,1,1680091992499),
(1055,'Nuestro Plan premium te permite hacer streaming de películas y series de Netflix en cuatro dispositivos al mismo tiempo y, cuando está disponible, en alta definición (HD) y en definición ultra alta (Ultra HD). Este plan también permite descargar títulos en cuatro teléfonos o tabletas.',2,1,1691012831199),
(1058,'Nuestro Plan básico te permite hacer streaming de películas y series de Netflix en un dispositivo a la vez en definición estándar (SD). Este plan también permite descargar títulos en un teléfono o una tableta.',2,2,1698091149999);
select * from netflix.perfil_series;
insert into netflix.perfil_series (FK_ID_serie,FK_ID_perfil)
values (1,20),
(2,19),
(3,18),
(4,17),
(5,16),
(6,15),
(7,14),
(8,13),
(9,12),
(10,11),
(11,10),
(12,9),
(13,8),
(14,7),
(15,6),
(16,5),
(17,4),
(18,3),
(19,2),
(20,1);
select * from netflix.perfil_peliculas;
insert into netflix.perfil_peliculas(FK_ID_pelicula,peFK_ID_perfil)
values(1,20),
(2,19),
(3,18),
(4,17),
(5,16),
(6,15),
(7,14),
(8,13),
(9,12),
(10,11),
(11,10),
(12,9),
(13,8),
(14,7),
(15,6),
(16,5),
(17,4),
(18,3),
(19,2),
(20,1);
select *from netflix.idioma_peliculas;
insert into netflix.idioma_peliculas(FK_ID_pelicula,FK_ID_idioma)
values(1,2),
(2,2),
(3,2),
(4,2),
(5,3),
(6,3),
(7,3),
(8,2),
(9,2),
(10,2),
(11,3),
(12,2),
(13,3),
(14,2),
(15,3),
(16,2),
(17,3),
(18,2),
(19,3),
(20,6);
select *from netflix.capitulos;
insert into netflix.capitulos(ID_capitulo,nombre_capitulo,numero,sinopsis,duracion_capitulo,FK_ID_temporada)
values(1,'Cabeza de metal',18,'En un almacén abandonado, unos carroñeros en busca de víveres se topan con un implacable enemigo. Si quieren sobrevivir, deberán escapar a través de un inhóspito páramo.','00:41:00',96),
(2,'La ciencia de matar',3,'Stripe (Malachi Kirby) y Raiman (Madeline Brewer) son dos soldados que deben proteger a los habitantes de una aldea de la invasión de mutantes salvajes. Tecnológicamente tienen ventaja, pero desconocen si será suficiente para sobrevivir.','01:00:00',5),
(3,'Odio nacional',11,'En un Londres del futuro, la detective Karin Parke (Kelly McDonald) y Blue (Faye Marsay), su experta compañera en nuevas tecnologías, investigan una serie de misteriosas muertes con una conexión siniestra con las redes sociales.','01:29:00',72),
(4,'El momento Waldo',9,'Jamie Salter es un cómico fracasado que se convierte en la voz de Waldo, un anárquico personaje animado de un típico late night de humor. La vida de Salter se escapa de control cuando, frustrado por el mundo de la política, el oso azul Waldo se convierte en un firme candidato en las próximas elecciones.','00:43:00',81),
(5,'USS Callister',18,'Viaja con el capitán Daly y su tripulación para explorar la galaxia y los peligros de planetas desconocidos.','01:16:00',91),
(6,'Playtesting',5,'Cooper (Wyatt Russell) es un trotamundos norteamericano en búsqueda de grandes emociones que llega a Gran Bretaña, donde mantendrá una relación con Sonja (Hannan John-Kamen). Una vez allí probará un videojuego tan avanzado como aterrador.','00:57:00',16),
(7,'Striking Vipers',3,'Cuando Danny y Karl, dos antiguos amigos de la universidad, se reencuentran en un juego de realidad virtual, sus partidas nocturnas tendrán consecuencias inesperadas.','01:01:00',6),
(8,'Añicos',16,'Un conductor de VTC provoca una crisis internacional cuando secuestra a un empleado de una empresa de redes sociales en Londres.','01:10:00',20),
(9,'Oso blanco',16,'Toni se despierta un día con amnesia y al salir a la calle todo el mundo se pone a grabarla usando sus smartphones.','00:42:00',59),
(10,'San Junípero',18,'California 1987. San Junipero es un divertido destino de vacaciones lleno de sol surf y sexo. Yorkie (Mackenzie Davis) y Kelly (Gugu Mbatha-Raw) son dos chicas que acaban de llegar, esperando que su estancia les proporcione diversión y algún cambio en sus vidas. Multitud de jóvenes se divierten bailando en las discos de moda. Pero para algunos de los visitantes de San Junipero, en cambio, la medianoche es una hora importante en la que algo sucede.','01:01:00',79),
(11,'Bandersnatch',12,'En 1984, un joven programador intenta adaptar una caótica novela de fantasía a un vídeojuego. Un desafío alucinante que le llevará a cuestionarse la realidad que le rodea.','01:30:00',57),
(12,'Blanca Navidad',19,'Matt Trent (Jon Hamm) y Joe Potter (Rafe Spall) están pasando unos días en un lugar remoto en medio de un paraje asolado por la nieve. El día de Navidad, Matt prepara la tradicional comida navideña, mientras que la canción ""I Wish It Could Be Christmas Everyday"" suena por la radio. Entonces, un extraño impulso empuja a Matt a explicar a Joe la razón por la que descubrió el lugar remoto en el que se encuentran ahora, un tema que nunca habían discutido en los cinco años que llevan ahí. Aunque Joe tiene algunas dudas, Matt no titubea a la hora de exponer sus razones...','01:14:00',3),
(13,'Caída en picado',7,'Lacie (Bryce Dallas Howard) trabaja en una oficina y vive en un mundo aparentemente ideal donde cualquier interacción humana, por pequeña que sea, se evalúa en redes sociales, y donde predomina la obsesión por tener una buena imagen pública. Su amiga del colegio Naomi (Alicia Eve) está muy bien posicionada en la élite social y Lacie está desesperada por unirse a ella.','01:03:00',2),
(14,'Cocodrilo',4,'En un futuro cercano en el que los recuerdos personales ya no son del todo privados, Mia (Andrea Riseborough) debe guardar un secreto inconfesable.','00:59:00',37),
(15,'Cállate y baila',8,'Kenny (Alex Lawther), es un tímido joven de 19 años que se ve obligado a colaborar contra su voluntad con un personaje muy sospechoso, Hector (Jerome Flynn) tras caer en una trampa. La vida de los dos quedará en manos de personas completamente desconocidas.','00:52:00',24),
(16,'Black Museum',8,'Una joven descubre en plena autopista un museo que contiene objetos criminológicos supuestamente auténticos... y que ofrece una perturbadora atracción principal.','01:09:00',84),
(17,'Arkangel',16,'La preocupada Marie (Rosemarie Dewitt) haría cualquier cosa para proteger a su hija pequeña, de 4 años. Cuando una sofisticada clínica crea un dispositivo que al implantarse en el cerebro garantiza esa protección, Marie no duda en acceder a ese servicio. Gracias a una app, la madre podrá monitorizar a su hija en cualquier momento.','00:52:00',61),
(18,'Toda tu historia',12,'Desarrollada en una realidad alternativa en el que la humanidad puede acceder a una tecnología que graba todo lo que ve y escucha. Puedes borrar un recuerdo o volver a él ¿pero es ésto algo bueno...? ','00:48:00',21),
(19,'Hang the DJ',15,'Cuando Frank y Amy se conocen gracias a un programa de citas que pone fecha de caducidad a las relaciones, pronto empiezan a cuestionarse la lógica del sistema.','00:52:00',55),
(20,'El himno nacional',4,'Cuando la joven y querida princesa Susannah es raptada, el primer ministro Michael Callow se enfrenta a una difícil y delicada situación. Para ponerla en libertad, el secuestrador exige que el primer ministro tenga relaciones sexuales con un cerdo y sea retransmitido en directo.','00:45:00',73);
select *from netflix.idioma_capitulos;
insert into netflix.idioma_capitulos(FK_ID_capitulos,FK_ID_idioma)
values(1,2),
(2,2),
(3,2),
(4,2),
(5,2),
(6,3),
(7,3),
(8,3),
(9,2),
(10,2),
(11,2),
(12,3),
(13,2),
(14,3),
(15,3),
(16,3),
(17,3),
(18,3),
(19,3),
(20,3);
select *from netflix.categoria_peliculas;
insert into netflix.categoria_peliculas(FK_ID_pelicula,FK_ID_categoria)
values (1,20),
(2,19),
(3,18),
(4,17),
(5,16),
(6,15),
(7,14),
(8,13),
(9,12),
(10,11),
(11,10),
(12,9),
(13,8),
(14,7),
(15,6),
(16,5),
(17,4),
(18,3),
(19,2),
(20,1);
select *from netflix.categoria_series;
insert into netflix.categoria_series(FK_ID_series,FK_ID_categoria)
values (1,20),
(2,19),
(3,18),
(4,17),
(5,16),
(6,15),
(7,14),
(8,13),
(9,12),
(10,11),
(11,10),
(12,9),
(13,8),
(14,7),
(15,6),
(16,5),
(17,4),
(18,3),
(19,2),
(20,1);